{
  "sitetitle": "Anton's Test",
  "tagline":"Anton's test site for Blockpress development",
	"palette": "icing",
  "theme": "metaverse",

	"themeoptions": {
		"banner_image": "https://steemit-production-imageproxy-thumbnail.s3.amazonaws.com/DQmWSrqGMDVZYwcXVsD5m1ebyrwiavzGUnsnjb2GNE8kevz_2048x512",
		"site_image": ""
	},

	"modules": ["steem","static"],

	"firstpage": {"type": "static", "args": ["default/welcome_to_blockpress.html"]},

	"menu": [
    {"label": "News", "type": "steem", "args": {"show":"posts", "user":"", "tag":"blockpress", "count":"5"}},
	  {"label": "Anton", "type": "steem", "args": {"show":"profile", "user":"antonchanning"}},
  	{"label": "Dana", "type": "steem", "args": {"show":"profile", "user":"dana-varahi"}},
    {"label": "Blockpress", "type": "static", "args": ["default/welcome_to_blockpress.html"]}
  ],

	"socialmenu": {
		"steemit": "https://steemit.com/trending/blockpress",
		"github": "https://github.com/blockpress/blockpress.me",
		"linkedin": "",
		"twitter": "",
		"facebook": "https://www.facebook.com/groups/blockpress/",
		"reddit": "https://www.reddit.com/r/blockpressCMS/",
		"gplus": "",
		"stackoverflow": "",
		"link_url": "https://blockpress.me",
		"email": ""
	},

	"dateformat": {"locale": "en-US", "options":{ "weekday": "long", "year": "numeric", "month": "long", "day": "numeric" }}
}
